id,condition,entity,answer
0,real,France,Paris
1,real,Japan,Tokyo
2,real,Germany,Berlin
3,real,Italy,Rome
4,real,Spain,Madrid
5,real,Russia,Moscow
6,real,China,Beijing
7,real,Egypt,Cairo
8,real,Greece,Athens
9,real,Austria,Vienna
10,real,Ireland,Dublin
11,real,Portugal,Lisbon
12,real,Norway,Oslo
13,real,Sweden,Stockholm
14,real,Finland,Helsinki
15,real,Denmark,Copenhagen
16,real,Poland,Warsaw
17,real,Hungary,Budapest
18,real,Belgium,Brussels
19,real,Turkey,Ankara
20,real,Iran,Tehran
21,real,Iraq,Baghdad
22,real,Syria,Damascus
23,real,Lebanon,Beirut
24,real,Kenya,Nairobi
25,real,Tunisia,Tunis
26,real,Senegal,Dakar
27,real,Peru,Lima
28,real,Chile,Santiago
29,real,Venezuela,Caracas
30,real,Cuba,Havana
31,real,Canada,Ottawa
32,real,Australia,Canberra
33,real,Pakistan,Islamabad
34,real,Thailand,Bangkok
35,real,Indonesia,Jakarta
36,real,Philippines,Manila
37,real,Afghanistan,Kabul
38,real,Bulgaria,Sofia
39,real,Jamaica,Kingston
40,real,Britain,London
41,real,Netherlands,Amsterdam
42,real,Switzerland,Bern
43,real,Czechia,Prague
44,real,Scotland,Edinburgh
45,real,Wales,Cardiff
46,real,Guyana,Georgetown
47,real,New Zealand,Wellington
48,real,Saudi Arabia,Riyadh
49,real,South Korea,Seoul
50,fictitious,Vermelia,
51,fictitious,Dravonia,
52,fictitious,Koresta,
53,fictitious,Zantoria,
54,fictitious,Belmora,
55,fictitious,Marvenia,
56,fictitious,Quelonia,
57,fictitious,Sorvania,
58,fictitious,Halvaria,
59,fictitious,Brenovia,
60,fictitious,Nuvaria,
61,fictitious,Pelandia,
62,fictitious,Rastonia,
63,fictitious,Ulmeria,
64,fictitious,Jorvania,
65,fictitious,Kelvaria,
66,fictitious,Lothenia,
67,fictitious,Fendoria,
68,fictitious,Garvenia,
69,fictitious,Torvalia,
70,fictitious,Zembria,
71,fictitious,Arvenia,
72,fictitious,Dunmora,
73,fictitious,Elvaria,
74,fictitious,Friselia,
75,fictitious,Ostrenia,
76,fictitious,Calvoria,
77,fictitious,Hestovia,
78,fictitious,Ilmaria,
79,fictitious,Javoria,
80,fictitious,Krelovia,
81,fictitious,Norvania,
82,fictitious,Pravonia,
83,fictitious,Rundavia,
84,fictitious,Selmora,
85,fictitious,Tarvonia,
86,fictitious,Valdoria,
87,fictitious,Wendaria,
88,fictitious,Xantria,
89,fictitious,Yelmora,
90,fictitious,Zorvania,
91,fictitious,Altovia,
92,fictitious,Bremland,
93,fictitious,Kovistan,
94,fictitious,Tarsland,
95,fictitious,Zurakstan,
96,fictitious,Drenmark,
97,fictitious,Velmark,
98,fictitious,Hylstan,
99,fictitious,Bakristan,
